month,is_full_month,product_id,product_name,items_sold,items_as_primary,items_as_cross_sell,revenue_usd,cogs_usd,margin_usd,items_refunded,refund_usd
2012-03-01,False,1,The Original Mr. Fuzzy,60,60,0,2999.4,1169.4,1830.0,1,49.99
2012-04-01,True,1,The Original Mr. Fuzzy,99,99,0,4949.01,1929.51,3019.5,5,249.95
2012-05-01,True,1,The Original Mr. Fuzzy,108,108,0,5398.92,2104.92,3294.0,4,199.96
2012-06-01,True,1,The Original Mr. Fuzzy,140,140,0,6998.6,2728.6,4270.0,8,399.92
2012-07-01,True,1,The Original Mr. Fuzzy,169,169,0,8448.31,3293.81,5154.5,14,699.86
2012-08-01,True,1,The Original Mr. Fuzzy,228,228,0,11397.72,4443.72,6954.0,17,849.83
2012-09-01,True,1,The Original Mr. Fuzzy,287,287,0,14347.13,5593.63,8753.5,26,1299.74
2012-10-01,True,1,The Original Mr. Fuzzy,371,371,0,18546.29,7230.79,11315.5,27,1349.73
2012-11-01,True,1,The Original Mr. Fuzzy,618,618,0,30893.82,12044.82,18849.0,46,2299.54
2012-12-01,True,1,The Original Mr. Fuzzy,506,506,0,25294.94,9861.94,15433.0,30,1499.7
2013-01-01,True,1,The Original Mr. Fuzzy,343,343,0,17146.57,6685.07,10461.5,17,849.83
2013-01-01,True,2,The Forever Love Bear,47,47,0,2819.53,1057.03,1762.5,1,59.99
2013-02-01,True,1,The Original Mr. Fuzzy,336,336,0,16796.64,6548.64,10248.0,24,1199.76
2013-02-01,True,2,The Forever Love Bear,162,162,0,9718.38,3643.38,6075.0,2,119.98
2013-03-01,True,1,The Original Mr. Fuzzy,320,320,0,15996.8,6236.8,9760.0,18,899.82
2013-03-01,True,2,The Forever Love Bear,65,65,0,3899.35,1461.85,2437.5,3,179.97
2013-04-01,True,1,The Original Mr. Fuzzy,459,459,0,22945.41,8945.91,13999.5,19,949.81
2013-04-01,True,2,The Forever Love Bear,94,94,0,5639.06,2114.06,3525.0,1,59.99
2013-05-01,True,1,The Original Mr. Fuzzy,489,489,0,24445.11,9530.61,14914.5,31,1549.69
2013-05-01,True,2,The Forever Love Bear,82,82,0,4919.18,1844.18,3075.0,2,119.98
2013-06-01,True,1,The Original Mr. Fuzzy,503,503,0,25144.97,9803.47,15341.5,39,1949.61
2013-06-01,True,2,The Forever Love Bear,90,90,0,5399.1,2024.1,3375.0,5,299.95
2013-07-01,True,1,The Original Mr. Fuzzy,509,509,0,25444.91,9920.41,15524.5,37,1849.63
2013-07-01,True,2,The Forever Love Bear,95,95,0,5699.05,2136.55,3562.5,3,179.97
2013-08-01,True,1,The Original Mr. Fuzzy,510,510,0,25494.9,9939.9,15555.0,28,1399.72
2013-08-01,True,2,The Forever Love Bear,98,98,0,5879.02,2204.02,3675.0,1,59.99
2013-09-01,True,1,The Original Mr. Fuzzy,537,536,1,26844.63,10466.13,16378.5,23,1149.77
2013-09-01,True,2,The Forever Love Bear,98,93,5,5879.02,2204.02,3675.0,1,59.99
2013-10-01,True,1,The Original Mr. Fuzzy,603,603,0,30143.97,11752.47,18391.5,17,849.83
2013-10-01,True,2,The Forever Love Bear,135,105,30,8098.65,3036.15,5062.5,2,119.98
2013-11-01,True,1,The Original Mr. Fuzzy,724,722,2,36192.76,14110.76,22082.0,25,1249.75
2013-11-01,True,2,The Forever Love Bear,174,139,35,10438.26,3913.26,6525.0,4,239.96
2013-12-01,True,1,The Original Mr. Fuzzy,818,803,15,40891.82,15942.82,24949.0,19,949.81
2013-12-01,True,2,The Forever Love Bear,183,144,39,10978.17,4115.67,6862.5,4,239.96
2013-12-01,True,3,The Birthday Sugar Panda,139,100,39,6392.61,2014.11,4378.5,10,459.9
2014-01-01,True,1,The Original Mr. Fuzzy,728,713,15,36392.72,14188.72,22204.0,31,1549.69
2014-01-01,True,2,The Forever Love Bear,183,142,41,10978.17,4115.67,6862.5,4,239.96
2014-01-01,True,3,The Birthday Sugar Panda,200,127,73,9198.0,2898.0,6300.0,13,597.87
2014-02-01,True,1,The Original Mr. Fuzzy,584,571,13,29194.16,11382.16,17812.0,23,1149.77
2014-02-01,True,2,The Forever Love Bear,351,320,31,21056.49,7893.99,13162.5,6,359.94
2014-02-01,True,3,The Birthday Sugar Panda,211,130,81,9703.89,3057.39,6646.5,14,643.86
2014-02-01,True,4,The Hudson River Mini bear,202,0,202,6057.98,1916.98,4141.0,2,59.98
2014-03-01,True,1,The Original Mr. Fuzzy,785,764,21,39242.15,15299.65,23942.5,24,1199.76
2014-03-01,True,2,The Forever Love Bear,193,155,38,11578.07,4340.57,7237.5,3,179.97
2014-03-01,True,3,The Birthday Sugar Panda,244,147,97,11221.56,3535.56,7686.0,17,781.83
2014-03-01,True,4,The Hudson River Mini bear,205,0,205,6147.95,1945.45,4202.5,1,29.99
2014-04-01,True,1,The Original Mr. Fuzzy,917,901,16,45840.83,17872.33,27968.5,32,1599.68
2014-04-01,True,2,The Forever Love Bear,214,160,54,12837.86,4812.86,8025.0,4,239.96
2014-04-01,True,3,The Birthday Sugar Panda,267,180,87,12279.33,3868.83,8410.5,18,827.82
2014-04-01,True,4,The Hudson River Mini bear,259,0,259,7767.41,2457.91,5309.5,4,119.96
2014-05-01,True,1,The Original Mr. Fuzzy,1030,1014,16,51489.7,20074.7,31415.0,30,1499.7
2014-05-01,True,2,The Forever Love Bear,246,189,57,14757.54,5532.54,9225.0,4,239.96
2014-05-01,True,3,The Birthday Sugar Panda,299,165,134,13751.01,4332.51,9418.5,17,781.83
2014-05-01,True,4,The Hudson River Mini bear,298,0,298,8937.02,2828.02,6109.0,2,59.98
2014-06-01,True,1,The Original Mr. Fuzzy,893,873,20,44641.07,17404.57,27236.5,51,2549.49
2014-06-01,True,2,The Forever Love Bear,245,189,56,14697.55,5510.05,9187.5,9,539.91
2014-06-01,True,3,The Birthday Sugar Panda,288,177,111,13245.12,4173.12,9072.0,16,735.84
2014-06-01,True,4,The Hudson River Mini bear,249,0,249,7467.51,2363.01,5104.5,6,179.94
2014-07-01,True,1,The Original Mr. Fuzzy,961,942,19,48040.39,18729.89,29310.5,42,2099.58
2014-07-01,True,2,The Forever Love Bear,244,178,66,14637.56,5487.56,9150.0,9,539.91
2014-07-01,True,3,The Birthday Sugar Panda,276,166,110,12693.24,3999.24,8694.0,11,505.89
2014-07-01,True,4,The Hudson River Mini bear,264,0,264,7917.36,2505.36,5412.0,4,119.96
2014-08-01,True,1,The Original Mr. Fuzzy,958,939,19,47890.42,18671.42,29219.0,132,6598.68
2014-08-01,True,2,The Forever Love Bear,237,189,48,14217.63,5330.13,8887.5,4,239.96
2014-08-01,True,3,The Birthday Sugar Panda,294,197,97,13521.06,4260.06,9261.0,20,919.8
2014-08-01,True,4,The Hudson River Mini bear,303,0,303,9086.97,2875.47,6211.5,2,59.98
2014-09-01,True,1,The Original Mr. Fuzzy,1056,1040,16,52789.44,20581.44,32208.0,140,6998.6
2014-09-01,True,2,The Forever Love Bear,251,199,52,15057.49,5644.99,9412.5,8,479.92
2014-09-01,True,3,The Birthday Sugar Panda,317,185,132,14578.83,4593.33,9985.5,21,965.79
2014-09-01,True,4,The Hudson River Mini bear,327,0,327,9806.73,3103.23,6703.5,4,119.96
2014-10-01,True,1,The Original Mr. Fuzzy,1173,1147,26,58638.27,22861.77,35776.5,29,1449.71
2014-10-01,True,2,The Forever Love Bear,284,227,57,17037.16,6387.16,10650.0,5,299.95
2014-10-01,True,3,The Birthday Sugar Panda,368,235,133,16924.32,5332.32,11592.0,17,781.83
2014-10-01,True,4,The Hudson River Mini bear,377,0,377,11306.23,3577.73,7728.5,8,239.92
2014-11-01,True,1,The Original Mr. Fuzzy,1451,1418,33,72535.49,28279.99,44255.5,50,2499.5
2014-11-01,True,2,The Forever Love Bear,377,300,77,22616.23,8478.73,14137.5,8,479.92
2014-11-01,True,3,The Birthday Sugar Panda,425,267,158,19545.75,6158.25,13387.5,23,1057.77
2014-11-01,True,4,The Hudson River Mini bear,449,0,449,13465.51,4261.01,9204.5,6,179.94
2014-12-01,True,1,The Original Mr. Fuzzy,1584,1557,27,79184.16,30872.16,48312.0,59,2949.41
2014-12-01,True,2,The Forever Love Bear,387,291,96,23216.13,8703.63,14512.5,9,539.91
2014-12-01,True,3,The Birthday Sugar Panda,539,315,224,24788.61,7810.11,16978.5,35,1609.65
2014-12-01,True,4,The Hudson River Mini bear,588,151,437,17634.12,5580.12,12054.0,8,239.92
2015-01-01,True,1,The Original Mr. Fuzzy,1392,1344,48,69586.08,27130.08,42456.0,52,2599.48
2015-01-01,True,2,The Forever Love Bear,394,297,97,23636.06,8861.06,14775.0,10,599.9
2015-01-01,True,3,The Birthday Sugar Panda,450,277,173,20695.5,6520.5,14175.0,30,1379.7
2015-01-01,True,4,The Hudson River Mini bear,610,180,430,18293.9,5788.9,12505.0,7,209.93
2015-02-01,True,1,The Original Mr. Fuzzy,1113,1083,30,55638.87,21692.37,33946.5,39,1949.61
2015-02-01,True,2,The Forever Love Bear,644,580,64,38633.56,14483.56,24150.0,11,659.89
2015-02-01,True,3,The Birthday Sugar Panda,405,251,154,18625.95,5868.45,12757.5,20,919.8
2015-02-01,True,4,The Hudson River Mini bear,544,154,390,16314.56,5162.56,11152.0,8,239.92
2015-03-01,False,1,The Original Mr. Fuzzy,864,836,28,43191.36,16839.36,26352.0,28,1399.72
2015-03-01,False,2,The Forever Love Bear,223,173,50,13377.77,5015.27,8362.5,6,359.94
2015-03-01,False,3,The Birthday Sugar Panda,263,149,114,12095.37,3810.87,8284.5,19,873.81
2015-03-01,False,4,The Hudson River Mini bear,343,96,247,10286.57,3255.07,7031.5,2,59.98
